G,t,e1,e2,e3,add,e4,trust,advice,survey,patient,male,eng,gt10,uscan,fair,code
1,2083.0,14,9,9,TRUE,12,3,100,TRUE,TRUE,FALSE,FALSE,FALSE,FALSE,,febae4960424bfaa9f43823a46de20d069d912df
1,4631.0,19,18,9,FALSE,,0,4,TRUE,TRUE,TRUE,TRUE,TRUE,FALSE,,d16db74969dd4a9f0bcbb868d11321ca8c621111
1,2173.0,38,31,33,TRUE,33,5,123,TRUE,FALSE,FALSE,TRUE,FALSE,TRUE,,4fba27965131494f0b9d88e0a5b4b667731b277a
1,1358.0,11,9,9,TRUE,10,15,369,TRUE,TRUE,FALSE,TRUE,TRUE,TRUE,,f4db328e313eebf11c0dc3748f7e6e2e09767bd9
1,2294.0,22,15,62,FALSE,,0,2,TRUE,TRUE,TRUE,TRUE,FALSE,FALSE,,c8ad5250ff78de34fab14543d0eb8df78993202f
1,1072.0,19,18,14,TRUE,14,10,132,TRUE,TRUE,FALSE,TRUE,FALSE,FALSE,,b22beca19e82ee16822c4d723a6be2cb2576fe86
1,1424.0,11,13,11,TRUE,15,10,128,TRUE,FALSE,FALSE,FALSE,FALSE,TRUE,,3acb02fc32fed558784c2cb9f92bed0b3f2a8af6
1,306.0,18,667,588,,,,0,,,,,,,,
1,1244.0,13,11,10,FALSE,,5,33,TRUE,TRUE,TRUE,TRUE,FALSE,TRUE,,7530b5382ce53c8e4cfa47763b151fbc1f75d8fc
1,2803.0,11,10,9,FALSE,,15,139,TRUE,TRUE,TRUE,FALSE,FALSE,FALSE,,63296c5c3dc6688874bbed130eb06ad51f6435b0
1,1041.0,25,32,32,TRUE,30,5,79,TRUE,TRUE,FALSE,TRUE,FALSE,TRUE,,c4ae2e4325813ff1eb4e15d970ec63486b7ca0bf
1,969.0,15,12,12,TRUE,17,15,207,TRUE,FALSE,FALSE,TRUE,FALSE,TRUE,,b61f47c333f919a9082954d6531d08a801a18abc
1,1775.0,13,11,11,TRUE,11,5,235,TRUE,FALSE,TRUE,FALSE,TRUE,FALSE,,e3241f99d08372c67b48dfa71a95f3efd8a868a4
1,2530.0,137,11,11,TRUE,11,15,0,TRUE,TRUE,FALSE,TRUE,FALSE,FALSE,,73eb271ac943ab9b735bb1102d7401c1efe7a7b0
1,1088.0,11,9,9,TRUE,10,10,57,FALSE,TRUE,FALSE,TRUE,FALSE,TRUE,,51ea30bc1b95baf61decbe3a312a9b99dbab0337
1,1839.0,11,10,10,TRUE,11,3,165,TRUE,TRUE,FALSE,TRUE,TRUE,TRUE,,42e68b5f5787c2acd75b82c172566018aedd4a4b
1,764.0,22,21,17,FALSE,,15,70,TRUE,TRUE,FALSE,TRUE,TRUE,TRUE,,42bf2e77d080c4ce0b001735ab61be6cde9dc857
1,132.0,691,667,588,TRUE,674,15,0,TRUE,FALSE,,,,,,
1,2256.0,97,211,73,FALSE,,1,75,TRUE,TRUE,FALSE,TRUE,TRUE,TRUE,,1e952c427b5ce8c64e1104014dc2954597e3b10a
1,1681.0,11,12,13,TRUE,12,12,244,TRUE,TRUE,FALSE,TRUE,FALSE,FALSE,,b6c7de47191100cab36dd4fb684ddab7e915c224
1,678.0,11,10,9,TRUE,12,5,0,TRUE,FALSE,FALSE,FALSE,FALSE,TRUE,,9f8bcc9d8e008031cc546e8388a59a0a3614eccd
1,763.0,15,16,12,TRUE,13,14,24,FALSE,FALSE,FALSE,TRUE,FALSE,TRUE,,5d6dd16641a0dc097308616a662c214e3396ae4a
1,1012.0,16,12,69,FALSE,,0,0,TRUE,FALSE,TRUE,FALSE,TRUE,FALSE,,be813ddab1f59be366965c104872b1d7b012cdf2
1,1263.0,12,11,9,TRUE,11,5,115,TRUE,FALSE,FALSE,TRUE,TRUE,TRUE,,f321a6e1ebebe394d04f46904b57dd2c2612642e
1,1358.0,16,17,11,TRUE,14,8,266,TRUE,TRUE,TRUE,TRUE,TRUE,FALSE,,a5717731be5ccb643d8a8e82534d028683aa9075
1,866.0,13,16,12,TRUE,13,8,43,TRUE,FALSE,TRUE,TRUE,FALSE,TRUE,,bc966e89c24df6a53c62ad66bf9122bd51152a88
1,444.0,81,667,588,FALSE,,5,0,FALSE,TRUE,TRUE,FALSE,TRUE,FALSE,,5c7e1ad749fb29eb64da0b5a692aab9bb593e604
1,1329.0,14,11,14,TRUE,11,5,0,TRUE,TRUE,FALSE,TRUE,TRUE,TRUE,,2540bb80350c3985e7b03d05ec69b3dd79b3c832
2,1565.0,12,11,12,FALSE,,15,75,TRUE,TRUE,FALSE,TRUE,TRUE,TRUE,,c3a9d5bd7ebc5cbd4a9da057e1254d3f41fd9bd2
2,973.0,14,10,15,TRUE,11,7,142,TRUE,FALSE,TRUE,TRUE,FALSE,TRUE,,5d3db5af7cbd0cee923c3a1e1813c0aa874115c7
2,876.0,14,14,13,TRUE,12,,0,,,,,,,,
2,1536.0,11,12,9,TRUE,10,10,174,TRUE,TRUE,FALSE,TRUE,TRUE,TRUE,,39dd9c2d8dc13d4f73cadcf7b327d12be99cc1fc
2,2018.0,124,16,131,TRUE,16,12,87,TRUE,TRUE,FALSE,TRUE,FALSE,TRUE,,254373196c475a88108dcefe222d8c3e2de20487
2,1545.0,12,13,13,TRUE,10,7,125,TRUE,TRUE,FALSE,TRUE,TRUE,TRUE,,71d018d0fed9fee66e067e4099c8ed2b31d28ad4
2,808.0,12,11,12,FALSE,,15,202,TRUE,FALSE,FALSE,TRUE,FALSE,TRUE,,a1f926ee95d968f279be1d17417e114a33aac11c
2,1011.0,154,20,14,FALSE,,10,67,TRUE,TRUE,TRUE,TRUE,FALSE,TRUE,,df51cf8571abbf9f9d392d69d91b08a585fce987
2,1862.0,80,14,12,FALSE,,5,18,TRUE,FALSE,FALSE,FALSE,TRUE,TRUE,,0813c46c28b930ee9896e363f97b8d511d34a34d
2,471.0,16,667,588,,,,0,,,,,,,,
2,640.0,13,17,11,FALSE,,10,42,TRUE,TRUE,FALSE,TRUE,FALSE,TRUE,,393992f091f09cbcd0c3c1a25160ed041450f70d
2,938.0,11,15,9,FALSE,,15,0,FALSE,TRUE,FALSE,FALSE,FALSE,FALSE,,code: 8875a99fc2632511a0119f98deef23737a89ad43
2,1945.0,14,9,12,TRUE,13,6,192,TRUE,FALSE,FALSE,TRUE,FALSE,TRUE,,4ae22b9d1e04946874bdf12d567e4b7e8917276c
2,2080.0,20,24,13,FALSE,,5,17,TRUE,TRUE,TRUE,FALSE,FALSE,TRUE,,374e8f068f7738fbe9d7e7ec248bfe21358e4384
2,1543.0,24,13,14,TRUE,19,0,38,TRUE,TRUE,FALSE,TRUE,TRUE,TRUE,,code: 62128d37497eaae670e0f4e6f8aaaacf5a73d75e
2,877.0,15,12,13,FALSE,,8,116,TRUE,TRUE,FALSE,TRUE,FALSE,TRUE,,436950a6bc9e246760b5df77ad967ef0c1fceedf
2,87.0,691,667,588,TRUE,674,10,0,,,,,,,,
2,679.0,13,13,10,FALSE,,5,23,TRUE,TRUE,FALSE,TRUE,FALSE,TRUE,,bb450e8cc2823d0f43260d92ce1956d1b542ca31
2,1296.0,11,13,77,TRUE,13,13,19,TRUE,TRUE,FALSE,TRUE,TRUE,TRUE,,7164fa323551ffbea9599bec94bf439b5d520fc4
2,1205.0,11,9,9,TRUE,11,10,361,TRUE,TRUE,FALSE,TRUE,FALSE,TRUE,,1672589b95937a14d502f9a754a1bdcd59bfb0df
2,1371.0,84,12,82,FALSE,,0,149,TRUE,FALSE,FALSE,TRUE,FALSE,TRUE,,7e89f2980cdfc192eebd4c153500d93ba81685cf
2,957.0,135,16,16,FALSE,,11,0,TRUE,TRUE,FALSE,TRUE,TRUE,TRUE,,32d6a2583d9d6b35aa8be40cdbc381f63d28cfcd
2,745.0,15,14,13,FALSE,,10,169,TRUE,FALSE,FALSE,TRUE,TRUE,TRUE,,b590fc4e2348dd293115e09e6bb09097614704ed
2,187.0,12,667,588,,,,0,,,,,,,,
2,529.0,11,667,588,FALSE,,5,22,FALSE,FALSE,FALSE,FALSE,FALSE,FALSE,,2e7d80d8a48989ea1367e13548030a005e35e9ad
3,1691.0,12,15,11,,,10,112,TRUE,FALSE,FALSE,TRUE,TRUE,TRUE,,8791765286c907818339476c8a09853bc4b820a6
3,364.0,15,667,588,,,,0,,,,,,,,
3,1184.0,17,15,12,,,10,121,TRUE,TRUE,FALSE,TRUE,TRUE,TRUE,,33629312e09e3ffc886217129bc216479384031f
3,1636.0,24,23,21,,,0,178,TRUE,TRUE,FALSE,TRUE,FALSE,TRUE,,3a451ec9afb1e77eda726457934238e08ad108d9
3,6293.0,12,10,14,,,0,289,TRUE,TRUE,FALSE,TRUE,TRUE,TRUE,,71d460999dea70499ff26b0d5a63fb94c9f5bd18
3,621.0,13,11,588,,,,0,,,,,,,,
3,730.0,13,9,10,,,0,0,TRUE,TRUE,FALSE,TRUE,TRUE,TRUE,,06c09f579865aba0ee67f01632d293d17faa2f0a
3,1168.0,11,10,9,,,5,55,TRUE,TRUE,FALSE,FALSE,FALSE,TRUE,,7963eb8bbdc3003b31e1a69c17428ba6a8809d15
3,1688.0,110,25,19,,,0,47,TRUE,TRUE,FALSE,TRUE,FALSE,TRUE,,a799f0e467c22a37ce581cdf4c894e7ff1cdf579
3,1519.0,14,11,12,,,7,128,TRUE,TRUE,FALSE,TRUE,TRUE,TRUE,,972bfc5aa7fa4c2ef94076706f85fdaa11421f34
3,1430.0,19,11,17,,,10,73,TRUE,FALSE,FALSE,TRUE,TRUE,TRUE,,7e5985f9a95663eefd3c397033c2179cf6b77702
3,1328.0,13,14,11,,,4,27,TRUE,TRUE,TRUE,FALSE,FALSE,TRUE,,1d1623d86f531da767cfc68455d593a224c2ddc3
3,3608.0,61,10,10,,,5,110,TRUE,TRUE,TRUE,TRUE,TRUE,TRUE,,ef500e472af98d93e18873f3dbc767f48242e668
3,578.0,13,11,11,,,10,75,TRUE,TRUE,FALSE,TRUE,FALSE,TRUE,,07d6a0b6360d1356139e1d2e505650f3be699690
3,300.0,15,614,588,,,,0,,,,,,,,
3,537.0,31,667,588,,,,0,,,,,,,,
3,1292.0,15,13,12,,,15,0,TRUE,FALSE,FALSE,TRUE,FALSE,TRUE,,3f5b7420ee7328c7e9cecbeee8b8a049ab96a834
3,1292.0,11,12,12,,,5,106,TRUE,TRUE,TRUE,TRUE,TRUE,TRUE,,2299675a0e3f138402f7850dfcaf1cde0dbe1f40
3,1376.0,13,12,12,,,10,161,TRUE,TRUE,TRUE,FALSE,TRUE,TRUE,,cfd1778bc35ca80e2a94929861183bc066ea9d7c
3,618.0,31,667,588,,,,0,,,,,,,,
3,721.0,13,11,9,,,0,76,TRUE,FALSE,FALSE,TRUE,FALSE,TRUE,,58cbae73321fa19f6d5865cfa45e71babc4f4711
3,351.0,25,667,588,,,,0,,,,,,,,
3,641.0,15,667,588,,,,0,,,,,,,,
3,1709.0,11,13,16,,,5,124,TRUE,FALSE,TRUE,TRUE,TRUE,TRUE,,a38fde83664e9be5d20b9d9862ad06babfdf7d7a
3,1922.0,12,11,9,,,15,0,TRUE,TRUE,FALSE,FALSE,TRUE,FALSE,,b263ffca9e724bb340fdc0412eeecd1cc00a455e
3,3254.0,14,10,13,,,0,74,TRUE,TRUE,FALSE,TRUE,TRUE,TRUE,,246f7159e0adda1fe16c364cc9c6f7dc6468eb54
3,1864.0,91,16,76,,,1,0,TRUE,TRUE,TRUE,FALSE,FALSE,FALSE,,a9052b20fcc1b1641ef229a73a9b228dc4383b83
3,2551.0,16,9,10,,,0,0,TRUE,FALSE,TRUE,FALSE,TRUE,FALSE,,09c3d6eff6429d58f0ed1251c735c2dd4ca14171
3,5326.0,80,17,12,,,10,0,TRUE,TRUE,FALSE,TRUE,FALSE,TRUE,,4ec53366b757304d8808797782aecc922a8ffdbf
4,927.0,91,14,13,FALSE,,7,0,FALSE,TRUE,FALSE,TRUE,TRUE,TRUE,,0ee045fd260f2171587380e2871232e1a78a7c0f
4,27.0,91,667,588,,,,0,,,,,,,,
4,452.0,11,667,588,FALSE,,2,57,FALSE,FALSE,TRUE,TRUE,FALSE,TRUE,,85c87b9d1c8f55dc05e0d1360f6644346486cef6
4,1349.0,25,12,21,TRUE,16,5,39,TRUE,TRUE,FALSE,TRUE,TRUE,TRUE,,7373113617391bb6bf57c58c356ef2bbeb189145
4,1068.0,11,12,12,TRUE,11,7,44,TRUE,TRUE,FALSE,FALSE,FALSE,TRUE,,code: 01e352a9b086e3d6fc65dce0b19a1c312c3c1661
4,940.0,11,11,13,FALSE,,5,0,TRUE,TRUE,TRUE,TRUE,FALSE,TRUE,,a83216bb5f4c542a8b5c1002c3a9b9b341765ffb
4,483.0,12,12,10,FALSE,,0,0,FALSE,TRUE,FALSE,TRUE,FALSE,TRUE,,3a4a1add362604d310648ac7bcfeebbdc2a486cc
4,14586.0,17,15,49,FALSE,,15,51,TRUE,FALSE,TRUE,FALSE,TRUE,FALSE,,72e61250ae316f20c51629271c3f81b8b6e7f287
4,955.0,14,10,14,TRUE,15,10,140,TRUE,TRUE,FALSE,TRUE,FALSE,TRUE,,719e2fa7d06775d74cd68f24f9769a54331bb388
4,1128.0,14,9,13,TRUE,15,0,0,TRUE,TRUE,FALSE,TRUE,FALSE,TRUE,,c604806d9b915f0a8801a00e74135129937da86c
4,1142.0,14,12,10,FALSE,,15,75,TRUE,FALSE,TRUE,TRUE,TRUE,FALSE,,fd169e265a1644d2397e3dc1df8a8f6040a60c8c
4,837.0,11,18,13,TRUE,11,14,38,TRUE,TRUE,TRUE,TRUE,TRUE,TRUE,,0aa743466e4d5f1e3da0e26c36e347d4a9550518
4,715.0,15,12,11,TRUE,11,5,94,TRUE,TRUE,FALSE,FALSE,TRUE,FALSE,,code: daddc3958338bcca4803df96362a80d7b57b788d
4,1308.0,11,12,14,TRUE,12,0,210,TRUE,FALSE,FALSE,TRUE,TRUE,TRUE,,bc6ba03937ee7797e010a27e74b5546e49cf398e
4,1285.0,84,11,9,TRUE,11,7,47,FALSE,TRUE,FALSE,FALSE,TRUE,FALSE,,29bb32b3778ddcbcce3f6383deecdf9750d6a345
4,830.0,124,13,68,FALSE,,0,76,TRUE,TRUE,FALSE,TRUE,FALSE,TRUE,,aa35fb54c644fd4f6930c1d4976a8b6aefcc9ca9
4,779.0,14,12,14,FALSE,,10,42,TRUE,TRUE,TRUE,TRUE,FALSE,TRUE,,4c6856ead70aa769c2dd72124b22df34f3775ca5
4,962.0,12,11,73,TRUE,15,15,394,TRUE,FALSE,TRUE,TRUE,TRUE,TRUE,,2c0ec6c4b77206333486bf5c01b7e2c6e10152f7
4,855.0,11,14,9,TRUE,11,5,65,FALSE,TRUE,FALSE,TRUE,FALSE,TRUE,,bb50edd4be50b7f0b141fe5d74de87c756225f06
4,1793.0,19,11,9,TRUE,12,5,132,TRUE,FALSE,FALSE,FALSE,TRUE,FALSE,,64d450b3c3057161db78388d41ba65e5b25d0771
4,897.0,14,12,13,TRUE,14,10,83,TRUE,TRUE,FALSE,TRUE,FALSE,TRUE,,346217e2ebe2b3ac998adb423abf756137f3b994
4,592.0,15,11,12,FALSE,,5,0,TRUE,FALSE,FALSE,TRUE,TRUE,TRUE,,ironwalker
4,612.0,12,66,9,TRUE,674,,0,,,,,,,,
4,913.0,61,11,10,TRUE,12,10,71,TRUE,TRUE,FALSE,TRUE,TRUE,FALSE,,c33718284ebd87a0d576a12f1517201330096ed1
4,777.0,14,13,11,TRUE,11,5,32,TRUE,FALSE,FALSE,TRUE,TRUE,TRUE,,e0a89a97ff27111fb743907ff4dc7976f56b139f
4,866.0,14,12,14,FALSE,,10,0,TRUE,TRUE,FALSE,TRUE,TRUE,TRUE,,12cbe9c656ad924ee43b86167bc297f10effe95e
4,2936.0,15,74,14,TRUE,10,0,87,TRUE,TRUE,FALSE,TRUE,TRUE,TRUE,,15bfab013570651cb802eab46ace270d870e48b6
4,1335.0,91,23,26,TRUE,23,0,44,TRUE,TRUE,FALSE,TRUE,TRUE,TRUE,,d5ec6c382530d4775bfad2e562f2e92d4542dab6
4,1582.0,13,11,14,TRUE,11,10,112,TRUE,TRUE,TRUE,TRUE,FALSE,TRUE,,4c2153e58fc7d575fc35e47168971511749915bf
5,466.0,13,9,588,FALSE,,13,62,TRUE,TRUE,TRUE,TRUE,FALSE,TRUE,,1d035ef3c2e26f9b9d6f70a7c5fa07cb2d1e3d9f
5,1216.0,16,18,17,TRUE,674,3,89,FALSE,FALSE,TRUE,TRUE,TRUE,TRUE,,1bbebff0efae301e92640748231c04325b2d4c5a
5,241.0,84,667,588,,,,0,,,,,,,,
5,167.0,691,667,588,FALSE,,2,0,TRUE,FALSE,,,,,,
5,553.0,15,11,12,FALSE,,2,33,TRUE,FALSE,TRUE,TRUE,FALSE,TRUE,,b9936413f81025c8d65f5282f17d9f09f59c568f
5,625.0,12,10,17,FALSE,,5,100,TRUE,FALSE,FALSE,TRUE,FALSE,TRUE,,bf94569dd5e08f905b354ff2bf1950b49a930e77
5,958.0,18,13,11,FALSE,,10,328,TRUE,TRUE,TRUE,TRUE,FALSE,TRUE,,132039fd5ddda6ba33e467f57bb52cc7f41b9c7c
5,1061.0,85,11,10,FALSE,,15,75,FALSE,TRUE,TRUE,TRUE,FALSE,FALSE,,045263d204bb7359cd1055222810fa43ce5c58fc
5,2347.0,11,13,13,TRUE,15,10,0,TRUE,TRUE,FALSE,TRUE,FALSE,TRUE,,romero33
5,1574.0,12,11,11,FALSE,,15,24,FALSE,TRUE,FALSE,TRUE,TRUE,FALSE,,d2151e72965e32b8276c84b84f54c7aeea7b43f9
5,721.0,13,667,588,,,,0,,,,,,,,
5,863.0,14,11,11,FALSE,,10,39,TRUE,FALSE,TRUE,FALSE,FALSE,FALSE,,ed492103a9f6e32d04d2391c36cc3af59069e92f
5,852.0,12,9,10,FALSE,,5,185,TRUE,TRUE,TRUE,TRUE,FALSE,TRUE,,cea060a1359d16add6a520743abe771388cc4579
5,1806.0,13,11,12,FALSE,,12,18,TRUE,TRUE,TRUE,FALSE,TRUE,FALSE,,eb21d1cc300d71f6ad8f4734c2b5f42a7e5de80d
5,614.0,18,10,11,FALSE,,5,0,TRUE,FALSE,FALSE,TRUE,FALSE,TRUE,,cf95ec26a51462de7b51ba67a52579bd7cc601cc
5,1099.0,41,130,80,FALSE,,6,133,TRUE,TRUE,TRUE,TRUE,FALSE,FALSE,,11dd5d38e1bfd9730cc2b9914c1cf3fbe38b2583
5,1247.0,14,16,10,TRUE,15,15,432,TRUE,TRUE,TRUE,TRUE,FALSE,TRUE,,3cc92029dd32f8ee67f3f5d32e5645dfe5962469
5,687.0,12,11,12,FALSE,,15,0,FALSE,TRUE,TRUE,FALSE,FALSE,FALSE,,e0482c8a704e7b9756d7e8bcde8f7e6120502660
5,866.0,16,15,15,TRUE,19,10,0,TRUE,TRUE,TRUE,FALSE,FALSE,FALSE,,b46d335e856d14c576c4f26a0ca2b370314eda96
5,2344.0,11,11,9,TRUE,14,0,0,TRUE,TRUE,FALSE,FALSE,TRUE,FALSE,,109a9e7ca6ade56060a299523d31ef024d387699
5,1069.0,76,15,13,FALSE,,15,78,TRUE,TRUE,FALSE,TRUE,FALSE,TRUE,,a7adaf25ea3021d40e6459ae88dff4b9c3250456
5,693.0,12,124,13,FALSE,,15,0,TRUE,TRUE,FALSE,TRUE,TRUE,TRUE,,2e32d5e2fb9dad8d0cb495c7935d46933a703172
5,1419.0,11,14,9,TRUE,71,10,104,TRUE,TRUE,FALSE,TRUE,FALSE,TRUE,,91d63632455f2b32e4e73bbd1c16fb7249a9f844
5,657.0,11,12,19,FALSE,,14,95,TRUE,TRUE,FALSE,TRUE,TRUE,TRUE,,267ee944783aec157dc545113670c2966e545421
5,1479.0,38,95,27,FALSE,,5,0,TRUE,TRUE,FALSE,TRUE,TRUE,TRUE,,fl93601ef2817ba4aflfb045da96486d6741790x
5,723.0,85,10,65,FALSE,,0,0,FALSE,FALSE,FALSE,TRUE,TRUE,TRUE,,c0138d08897e35fb655d8d045ed3a5becddd4a1b
5,5343.0,13,14,75,FALSE,,5,96,FALSE,FALSE,FALSE,TRUE,TRUE,TRUE,,81bb0a771b19c43b919a47aa6fc72550fc5d3d01
5,654.0,20,10,12,FALSE,,6,122,TRUE,FALSE,TRUE,TRUE,TRUE,TRUE,,d0d90d253c58baed35c4e232e26e7ad8515fcf53
5,73.0,691,667,588,TRUE,674,,0,,,,,,,,
5,1151.0,11,9,9,TRUE,11,8,81,TRUE,TRUE,FALSE,TRUE,TRUE,TRUE,,bbf539d0867d546622dbfde480d8ccfd2a34079d
6,2822.0,25,11,10,TRUE,12,14,216,TRUE,TRUE,FALSE,TRUE,FALSE,TRUE,,0e98ecf8039c349c625e63e931b5621f317fc2f7
6,1871.0,14,10,9,FALSE,,15,66,TRUE,TRUE,TRUE,FALSE,FALSE,FALSE,,ae5e3bfa2199aa684c52607da37c100c24793058
6,986.0,72,13,14,TRUE,12,15,51,TRUE,TRUE,FALSE,FALSE,FALSE,TRUE,,d439d93aa46fa5ed06ef6fc3a8ca1baef21c4bd3
6,1324.0,15,15,14,TRUE,13,10,206,TRUE,TRUE,FALSE,TRUE,FALSE,TRUE,,af8afe174fe476c4a040dd7728636e8dc56568d6
6,616.0,12,11,15,FALSE,,10,0,TRUE,TRUE,FALSE,TRUE,FALSE,TRUE,,c0be3a4560cc9ac82e155a75ab94dee8e655bd96
6,447.0,11,667,588,FALSE,,7,0,FALSE,TRUE,,,,,,
6,1407.0,22,14,73,TRUE,21,0,221,TRUE,TRUE,FALSE,TRUE,TRUE,TRUE,,510b7c6c10ac837d0b302fce14841b1424810eda
6,1277.0,11,10,16,TRUE,12,9,119,TRUE,TRUE,FALSE,TRUE,FALSE,TRUE,,1557b00cc4cffe1031b1f8bfb77e9a1141a2fe49
6,1045.0,13,12,588,,,,0,,,,,,,,
6,1647.0,91,27,12,TRUE,18,10,159,TRUE,TRUE,TRUE,TRUE,FALSE,FALSE,,5195592d1262732ba7bef81523ca149652a3631a
6,1103.0,79,14,15,TRUE,15,15,55,TRUE,TRUE,FALSE,TRUE,FALSE,TRUE,,code: bb3afee9aa64c96aab215f2479ae18ac2b72968c
6,867.0,12,13,10,TRUE,11,7,257,TRUE,FALSE,TRUE,FALSE,FALSE,TRUE,,84d81d0b0b280cc225303416412d57a1ef7640b8
6,2331.0,11,12,12,TRUE,13,10,73,TRUE,TRUE,TRUE,TRUE,TRUE,TRUE,,04e0bcab6a4f82552cf480cb8072ac606af04c23
6,1426.0,11,12,14,FALSE,,10,200,TRUE,TRUE,TRUE,TRUE,FALSE,FALSE,,5e06d2e1ea675e290d419b7485b2585d8075a224
6,2937.0,16,9,9,FALSE,,10,260,TRUE,TRUE,FALSE,TRUE,FALSE,TRUE,,code: 59fb04741ff9fd7fe1364ba7a98cb9cb194c3a1d
6,780.0,12,12,11,FALSE,,7,27,TRUE,TRUE,TRUE,FALSE,FALSE,FALSE,,a9d1d2c9a575d2c1c6788720b3e590ecbfa4ba3b
6,1076.0,22,11,10,FALSE,,10,100,TRUE,TRUE,FALSE,TRUE,FALSE,TRUE,,7e85abfd3a36321090fd21e49f7214a8a74ab0c3
6,1010.0,16,9,13,TRUE,12,0,9,TRUE,TRUE,FALSE,TRUE,FALSE,TRUE,,ec1a1a7c0434af38c7bed076daebecd25738b94a
6,2164.0,13,73,17,TRUE,66,10,0,TRUE,TRUE,FALSE,TRUE,FALSE,TRUE,,7cc629bc777ebe5b30a516aeb43799bc2b978786
6,846.0,12,9,9,TRUE,11,15,199,TRUE,TRUE,TRUE,FALSE,TRUE,FALSE,,26f8b0ecace2f3d6140baffe376a474cae25cc54
6,1512.0,11,9,9,FALSE,,12,463,TRUE,FALSE,TRUE,TRUE,TRUE,FALSE,,taskcompleted
6,1382.0,13,9,9,TRUE,10,15,111,TRUE,FALSE,FALSE,FALSE,TRUE,FALSE,,cf7c1218008b97929bafc6feb57e89b02af45b2f
6,972.0,171,667,588,,,,0,,,,,,,,
6,3223.0,85,10,62,TRUE,11,0,242,TRUE,TRUE,TRUE,FALSE,TRUE,FALSE,,239ed6eaeec7d62e0f118156e634cc4b106dea2f
6,1092.0,24,27,588,,,,0,,,,,,,,
6,219.0,16,667,588,,,,0,,,,,,,,
6,1555.0,83,9,9,FALSE,,15,30,TRUE,TRUE,FALSE,TRUE,TRUE,TRUE,,1613b4ce2bfbb8f85dff6dd07732d179a784b5ff
6,1532.0,14,11,12,TRUE,12,0,11,TRUE,TRUE,TRUE,FALSE,TRUE,FALSE,,9c44bb82fd165380946cebccc1f97b32350fd0f5
6,760.0,79,15,19,FALSE,,0,35,TRUE,FALSE,FALSE,TRUE,TRUE,TRUE,,2489e6c79c53562c7bc45b2071abee20aa8027d5
6,835.0,23,10,12,TRUE,11,5,0,TRUE,TRUE,FALSE,TRUE,FALSE,TRUE,,857455f7ec98e4c08ee4000b5aa303282c4fbf87
6,2174.0,11,667,588,FALSE,,5,76,TRUE,TRUE,TRUE,TRUE,TRUE,FALSE,,aab5fa5d705fb7184808c08a4bd27024626a43d8
6,470.0,14,667,588,FALSE,,5,74,TRUE,TRUE,TRUE,TRUE,FALSE,FALSE,,339c0111bc42ee829e37281d7c2ed67c69eb50ef
7,896.0,19,70,11,TRUE,16,5,70,FALSE,FALSE,TRUE,TRUE,FALSE,TRUE,,7cadbb35ddc47e51c5c464dbc6cc4e26ada8034e
7,1109.0,15,13,11,TRUE,11,8,213,TRUE,TRUE,FALSE,TRUE,FALSE,TRUE,,fa11be14259b28f50af113e844046d36c023b359
7,1065.0,55,17,9,,,10,0,TRUE,TRUE,TRUE,TRUE,TRUE,TRUE,,BCW167349
7,981.0,13,14,19,TRUE,15,12,134,TRUE,TRUE,FALSE,TRUE,FALSE,TRUE,,561e74aa83d9f217d12bf865714204a8b5b3f5f2
7,1228.0,14,10,9,TRUE,11,15,105,TRUE,TRUE,TRUE,TRUE,TRUE,TRUE,,f5c45144ee7e9a5f5afe28a4c5b03a3388b55cc5
7,1221.0,13,14,14,TRUE,11,7,157,TRUE,TRUE,FALSE,TRUE,FALSE,TRUE,,82ba72ddb54ec8a10bc30686514530ebfe31339a
7,2109.0,17,19,11,TRUE,16,8,90,TRUE,TRUE,TRUE,TRUE,FALSE,TRUE,,1f7f8ae69df91bcbe5a398f05b45120fbec5fbe6
7,2700.0,14,14,12,TRUE,12,5,48,TRUE,TRUE,TRUE,TRUE,FALSE,TRUE,,6fc9601978072e39cb7984899b6f47f5c48cf73e
7,1095.0,11,67,73,TRUE,11,5,123,TRUE,TRUE,FALSE,TRUE,TRUE,TRUE,,7390df6cf77c93af9519fca26cdf17d5ce09aa30
7,2233.0,12,9,14,TRUE,10,10,41,TRUE,TRUE,FALSE,TRUE,FALSE,TRUE,,a12a56f660ef7e94e4952ad825351f77fca86b8d
7,1942.0,25,13,18,TRUE,80,15,11,TRUE,TRUE,TRUE,FALSE,FALSE,FALSE,,dcb75dac4af7fd54ab15946dc97d60058522e45b
7,1003.0,19,15,14,TRUE,15,7,26,TRUE,TRUE,FALSE,TRUE,TRUE,TRUE,,eab19d252942c61b42ae462d7002d80e8924eda3
7,1235.0,11,53,12,TRUE,14,6,127,TRUE,FALSE,TRUE,TRUE,FALSE,TRUE,,2a0cbfd25669b111558c7c96f6973d5ccc7e7f96
7,1190.0,12,12,12,TRUE,11,5,165,TRUE,TRUE,FALSE,TRUE,FALSE,TRUE,,69d6ceb95aa128b701f030048e5d10af14bc474f
7,1514.0,11,10,12,TRUE,11,0,0,TRUE,FALSE,FALSE,TRUE,FALSE,TRUE,,b47f1a8238ffa8cde26a4050859863fe9cbd157a
7,930.0,14,11,14,TRUE,14,5,113,TRUE,TRUE,FALSE,TRUE,TRUE,TRUE,,92ba05a07d0e9998f64a84be31b5a33e30a02fa9
7,1084.0,12,9,9,TRUE,10,5,0,TRUE,TRUE,TRUE,TRUE,FALSE,TRUE,,2ca75a21d4f6a9185ef7e205f20a5f9c8d098f28
7,1493.0,127,12,14,TRUE,13,12,174,TRUE,TRUE,TRUE,FALSE,FALSE,TRUE,,4ec4d32381580bd20a90cc50e5b7e98894e5c4fc
7,900.0,14,15,10,TRUE,11,15,106,TRUE,FALSE,FALSE,TRUE,FALSE,TRUE,,f88e8b420139736e0d0ded002c61ec6ca22bab87
7,953.0,15,12,13,TRUE,16,5,42,TRUE,TRUE,FALSE,TRUE,FALSE,TRUE,,10855196b06edbd9e1b84f967b4d3a8fe2cf9c5a
7,1437.0,79,75,9,TRUE,13,15,0,TRUE,TRUE,FALSE,TRUE,FALSE,TRUE,,c5b1c0253600434d07606710170aec3cb5e3cad3
7,1594.0,13,11,11,TRUE,12,5,0,TRUE,TRUE,FALSE,TRUE,TRUE,FALSE,,b582058c952623a974be5a74bdab99cf9c3ea982
7,1227.0,18,22,12,TRUE,12,7,95,TRUE,FALSE,TRUE,FALSE,FALSE,FALSE,,7bdfe4b45035f0f30479c3e3b8ff8e2512d50e88
7,1233.0,11,11,13,TRUE,11,15,46,TRUE,TRUE,TRUE,TRUE,FALSE,TRUE,,c46716dfe603d9a38ca1f515b0cc7efcddd9a9da
7,1621.0,17,15,13,TRUE,15,0,20,TRUE,TRUE,FALSE,TRUE,TRUE,TRUE,,eb5aa1d91b4f94fc1103339a929d9229faa829e7
7,2516.0,19,12,22,TRUE,11,9,87,TRUE,TRUE,FALSE,FALSE,TRUE,FALSE,,2ba2917a50fd56c317c8ba689b070a197929fe93
7,1131.0,24,28,28,TRUE,26,7,101,TRUE,TRUE,FALSE,TRUE,FALSE,TRUE,,484602514b0b0c25f2916abad172d9341b7c898b
8,2526.0,72,14,15,TRUE,18,5,171,FALSE,TRUE,FALSE,FALSE,TRUE,FALSE,0.5,103304fda051a848d60ee214b595273e2ae188a0
8,1535.0,13,15,13,TRUE,12,8,72,TRUE,TRUE,FALSE,TRUE,FALSE,TRUE,10.0,ba4fedb3065abb5ec9450a7e8e4a11061b6d359b
8,512.0,16,667,588,,,,0,,,,,,,,
8,1323.0,55,24,14,TRUE,12,7,13,TRUE,TRUE,FALSE,FALSE,FALSE,FALSE,20.0,aec658b9a87118e1744385d43c6b25d8ca4efd68
8,1342.0,19,12,10,FALSE,,5,121,TRUE,TRUE,FALSE,TRUE,FALSE,TRUE,20.0,642a9a974ea05e7dadd4eab0b9d0ac7dc600ba94
8,364.0,12,667,588,,,,0,,,,,,,,
8,882.0,13,13,17,FALSE,,0,23,TRUE,FALSE,FALSE,TRUE,FALSE,TRUE,50.0,d8160196669c1567fda6a868097f1eff2b63db95
8,465.0,13,13,11,FALSE,,10,0,TRUE,TRUE,FALSE,TRUE,FALSE,TRUE,0.15,c60e4d738b59ea19dd046cf3d2932644d5bb1e09
8,707.0,17,13,14,FALSE,,0,82,TRUE,TRUE,FALSE,TRUE,TRUE,TRUE,0.15,e0c231b6f386c82fd24629cb2cd74736163507bd
8,1308.0,12,12,10,FALSE,,5,40,TRUE,TRUE,FALSE,TRUE,TRUE,TRUE,25.0,8daf794c99e49dadc0ea7f6975007dd876341deb
8,986.0,12,15,11,FALSE,,6,50,TRUE,TRUE,FALSE,FALSE,FALSE,FALSE,0.25,0b972de1e62c825b9bb8d0d38677ec2b49013825
8,2096.0,12,10,9,TRUE,10,7,65,TRUE,TRUE,FALSE,TRUE,TRUE,TRUE,0.1,8e946d300c5ed03a3eb06621d679d845733d339a
8,780.0,16,11,76,FALSE,,0,0,FALSE,FALSE,FALSE,TRUE,FALSE,TRUE,0.15,5736e0d8b5bf0e5b22a91c9dfc712cc90faf34d8
8,176769.0,89,10,9,FALSE,,15,72,TRUE,FALSE,TRUE,FALSE,FALSE,TRUE,50.0,1be3e36c9b567289b582a3708842d3c60b725156
8,1087.0,13,9,11,TRUE,10,5,45,TRUE,TRUE,FALSE,TRUE,TRUE,TRUE,10.0,92a50d4c8bac9d1c0323efb6e661b1fcd2dfee2b
8,39.0,691,667,588,FALSE,,,0,,,,,,,10.0,
8,2002.0,12,12,12,FALSE,,5,72,TRUE,FALSE,FALSE,TRUE,TRUE,TRUE,0.25,2e9da4d0e082d6786c126b7e2b31105755aadf3b
8,1719.0,21,30,13,TRUE,15,10,233,TRUE,TRUE,FALSE,TRUE,TRUE,TRUE,15.0,f34a7db6a084d460c3d0f08c0a51f89433c50e8b
8,1267.0,27,20,25,FALSE,,10,33,TRUE,TRUE,FALSE,TRUE,FALSE,TRUE,0.5,446ee1a759aec7b2decfee03738c95b717da51c4
8,1596.0,12,11,13,FALSE,,10,73,TRUE,FALSE,FALSE,TRUE,FALSE,TRUE,20.0,72431d8a8f998d32877e8798931591857c9d686f
8,1122.0,20,22,19,FALSE,,14,99,TRUE,TRUE,FALSE,FALSE,TRUE,FALSE,20.0,ce87767c529a17055be63469803eaa094c413a77
8,1072.0,98,13,10,FALSE,,10,20,TRUE,TRUE,FALSE,TRUE,FALSE,TRUE,0.1,3183d3320f3bc45308dca0c830f64e64a5eee98d
8,461.0,15,9,9,FALSE,,15,10,TRUE,TRUE,FALSE,TRUE,TRUE,TRUE,0.1,1a96f89cee2686dac312a9cd7a069d5b09b39dee
8,2169.0,11,9,9,FALSE,,15,60,TRUE,TRUE,TRUE,TRUE,FALSE,TRUE,40.0,6da0af189edf259228aa9a9741c02f38686dcacf
8,1394.0,14,77,13,FALSE,,5,22,TRUE,TRUE,FALSE,TRUE,TRUE,TRUE,40.0,c534a21ef57da441adb545180e9046a6b926da7d
8,1802.0,15,13,13,TRUE,14,5,108,TRUE,TRUE,FALSE,FALSE,TRUE,TRUE,25.0,ef485efd21c08ae6a966866f5e9268d0dbab3b14
8,1008.0,12,11,12,TRUE,14,5,131,TRUE,TRUE,FALSE,TRUE,TRUE,TRUE,0.5,c22131ca4f945925241fcddfb80b9174f3e40d0c
8,492.0,90,667,588,,,,0,,,,,,,,
